source_mat_id	samp_name	env_broad_scale	env_local_scale	env_medium	ecosystem	ecosystem_category	ecosystem_type	ecosystem_subtype	specific_ecosystem	experimental_factor	misc_param	oxy_stat_samp	temp	tot_phosp	salinity	collection_date	geo_loc_name	lat_lon	elev	samp_store_temp	depth	samp_mat_process	samp_collec_device	samp_collec_method	samp_size	rel_to_oxygen	alt	ph	alkalinity	ammonium	calcium	chloride	density	diss_carb_dioxide	diss_inorg_carb	diss_org_carb	magnesium	nitrate	nitrite	organism_count	porosity	potassium	pressure	samp_store_loc	sulfate	alkalinity_method	diss_inorg_phosp	size_frac	additional_info	api	aromatics_pc	asphaltenes_pc	basin	benzene	depos_env	diss_iron	diss_oxygen_fluid	ethylbenzene	field	hc_produced	hcr	hcr_fw_salinity	hcr_geol_age	hcr_pressure	hcr_temp	lithology	org_count_qpcr_info	owc_tvdss	permeability	pour_point	reservoir	resins_pc	samp_md	samp_store_dur	samp_subtype	samp_transport_cond	samp_tvdss	samp_type	samp_well_name	saturates_pc	sodium	sr_dep_env	sr_geol_age	sr_kerog_type	sr_lithology	sulfate_fw	sulfide	suspend_solids	tan	toluene	tot_iron	tot_nitro	tot_sulfur	tvdss_of_hcr_press	tvdss_of_hcr_temp	vfa	vfa_fw	viscosity	win	xylene	part_of	id	analysis_type	env_package	sample_link	project_ID	sample_type	sample_shipped	EMSL_store_temp	technical_reps	replicate_number	dna_seq_project	dna_seq_project_name	dna_samp_ID	dna_sample_name	dna_concentration	dna_volume	dna_absorb1	dna_absorb2	dna_container_ID	dna_cont_type	dna_cont_well	dna_sample_format	dna_dnase	dna_organisms	dna_collect_site	dna_isolate_meth	dna_seq_project_PI	dna_project_contact	proposal_dna	slope_aspect	agrochem_addition	al_sat	al_sat_meth	annual_precpt	annual_temp	crop_rotation	cur_land_use	cur_vegetation	cur_vegetation_meth	drainage_class	extreme_event	fao_class	fire	flooding	heavy_metals	heavy_metals_meth	horizon_meth	link_class_info	link_climate_info	local_class	local_class_meth	prev_land_use_meth	previous_land_use	profile_position	season_precpt	season_temp	slope_gradient	soil_horizon	soil_text_measure	soil_texture_meth	soil_type	soil_type_meth	tillage	water_content	water_cont_soil_meth	ph_meth	microbial_biomass	micro_biomass_meth	carb_nitro_ratio	org_matter	org_nitro	tot_carb	tot_nitro_content	tot_nitro_cont_meth	tot_org_carb	tot_org_c_meth	phosphate	salinity_meth	growth_facil	store_cond	sieving	size_frac_low	size_frac_up	biotic_regm	air_temp_regm	chem_administration	climate_environment	gaseous_environment	humidity_regm	biotic_relationship	light_regm	watering_regm	collection_time	collection_date_inc	collection_time_inc	start_date_inc	start_time_inc	filter_method	experimental_factor_other	non_microb_biomass	non_microb_biomass_method	microbial_biomass_C	micro_biomass_C_meth	microbial_biomass_N	micro_biomass_N_meth	org_nitro_method	other_treatment	isotope_exposure
	fred	____mediterranean shrubland biome [ENVO:01000217]	ocean [ENVO:999]	ocean [ENVO:999]															100 m																																																											soil																							nmdc:submission_99381d12-b9d1-4ab4-a954-14477fcdb286	nmdc:fk0yhjj92																																																																																																											
	fred	______mediterranean savanna biome [ENVO:01000229]	ocean [ENVO:999]	ocean [ENVO:999]	Environmental	Aquatic	Floodplain	Sediment	Unclassified										100 m		0																																																									soil																							nmdc:submission_99381d12-b9d1-4ab4-a954-14477fcdb286	nmdc:fk0e23824																																																																																																											
soilscan:001	parking lot	urban biome [ENVO:01000249]	plain [ENVO:00000086]	__volcanic soil [ENVO:01001841]	Environmental	Terrestrial	Soil	Bulk soil	Agricultural soil							2022-01	US: California, sunny beach	-89 123	100 m	-80 C	5																																																																																nmdc:submission_3e919e97-0437-4ca7-a758-ac36c45b908d	nmdc:fk0q2kt84	metagenomics;metaproteomics	soil		555	water_extract_soil	20 g	-70			97531	interstellar overdrive	123	g123	1300	310	0.5	0.5	look here	plate	B3	10 mM Tris-HCl	no	cows	the moon	blender	Martha	George	2468																																																		experimental_garden	fresh																												
soilscan:001	beginning of trail	__village biome [ENVO:01000246]	plain [ENVO:00000086]	alpine soil [ENVO:00005741]	Environmental	Terrestrial	Soil	Bulk soil	Forest soil							2022-01-17	US: California, snow mountain	45 -111	100 m	-70 C	7-17																																																																																nmdc:submission_3e919e97-0437-4ca7-a758-ac36c45b908d	nmdc:fk00n7777	metagenomics;metaproteomics	soil		555	soil	20 g	-85			97531	interstellar overdrive	555	m555	880	808	0.5	0.5	look5678901234567890	tube	F9	DNAStable	yes	flamingos	the moon	glass beads	Martha	Martha	2468																																																		experimental_garden	fresh																												
soilscan:001	campground 1	anthropogenic terrestrial biome [ENVO:01000219]	plain [ENVO:00000086]	__volcanic soil [ENVO:01001841]	Environmental	Terrestrial	Soil	Bulk soil	Agricultural soil							2022-01	US: California, sunny beach	-89 123	100 m	-80 C	5																																																																																nmdc:submission_3e919e97-0437-4ca7-a758-ac36c45b908d	nmdc:fk0ezkd80	metagenomics;metaproteomics	soil		555	water_extract_soil	20 g	-70			97531	interstellar overdrive	123	g123	1300	310	0.5	0.5	look here	plate	B3	10 mM Tris-HCl	no	cows	the moon	blender	Martha	George	2468																																																		experimental_garden	fresh																												
soilscan:004		anthropogenic terrestrial biome [ENVO:01000219]	plain [ENVO:00000086]	alpine soil [ENVO:00005741]	Environmental	Terrestrial	Soil	Bulk soil	Forest soil							2022-01-17	US: California, snow mountain	45 -111	100 m	-70 C	7-17																																																																																nmdc:submission_3e919e97-0437-4ca7-a758-ac36c45b908d	nmdc:fk006ae64	metagenomics;metaproteomics	soil		555	soil	20 g	-85			97531	interstellar overdrive	555	m555	880	808	0.5	0.5	look5678901234567890	tube	F9	DNAStable	yes	flamingos	the moon	glass beads	Martha	Martha	2468																																																		experimental_garden	fresh																												
soilscan:005		anthropogenic terrestrial biome [ENVO:01000219]	plain [ENVO:00000086]	__volcanic soil [ENVO:01001841]	Environmental	Terrestrial	Soil	Bulk soil	Agricultural soil							2022-01	US: California, sunny beach	-89 123	100 m	-80 C	5																																																																																nmdc:submission_3e919e97-0437-4ca7-a758-ac36c45b908d	nmdc:fk0crme37	metagenomics;natural organic matter	soil		555	water_extract_soil	20 g	-70			97531	interstellar overdrive	123	g123	1300	310	0.5	0.5	look here	plate	B3	10 mM Tris-HCl	no	cows	the moon	blender	Martha	George	2468																																																		experimental_garden	fresh																												
soilscan:006	campground 4	anthropogenic terrestrial biome [ENVO:01000219]	plain [ENVO:00000086]	alpine soil [ENVO:00005741]	Environmental	Terrestrial	Soil	Bulk soil	Forest soil							2022-01-17	US: California, snow mountain	45 -111	100 m	-70 C	7-17																																																																																nmdc:submission_3e919e97-0437-4ca7-a758-ac36c45b908d	nmdc:fk01tk615	metabolomics;natural organic matter	soil		555	soil	20 g	-85			97531	interstellar overdrive	555	m555	880	808	0.5	0.5	look5678901234567890	tube	F9	DNAStable	yes	flamingos	the moon	glass beads	Martha	Martha	2468																																																		experimental_garden	fresh																												
soilscan:007	fire pit 1	woodland biome [ENVO:01000175]	plateau [ENVO:00000182]	__volcanic soil [ENVO:01001841]	Environmental	Terrestrial	Soil	Bulk soil	Agricultural soil							2022-01	US: California, sunny beach	-89 123	100 m	-80 C	5																																																																																nmdc:submission_3e919e97-0437-4ca7-a758-ac36c45b908d	nmdc:fk0jjq311	metabolomics;metaproteomics	soil		555	water_extract_soil	20 g	-70			97531	interstellar overdrive	123	g123	1300	310	0.5	0.5	look here	plate	B3	10 mM Tris-HCl	no	cows	the moon	blender	Martha	George	2468																																																		experimental_garden	fresh																												
soilscan:008	fire pit 2	woodland biome [ENVO:01000175]	plateau [ENVO:00000182]	alpine soil [ENVO:00005741]	Environmental	Terrestrial	Soil	Bulk soil	Forest soil							2022-01-17	US: California, snow mountain	45 -111	100 m	-70 C	7-17																																																																																nmdc:submission_3e919e97-0437-4ca7-a758-ac36c45b908d	nmdc:fk0240043	metabolomics;metaproteomics	soil		555	soil	20 g	-85			97531	interstellar overdrive	555	m555	880	808	0.5	0.5	look5678901234567890	tube	F9	DNAStable	yes	flamingos	the moon	glass beads	Martha	Martha	2468																																																		experimental_garden	fresh																												
soilscan:009	fire pit 3	woodland biome [ENVO:01000175]	plateau [ENVO:00000182]	__volcanic soil [ENVO:01001841]	Environmental	Terrestrial	Soil	Bulk soil	Agricultural soil							2022-01	US: California, sunny beach	-89 123	100 m	-80 C	5																																																																																nmdc:submission_3e919e97-0437-4ca7-a758-ac36c45b908d	nmdc:fk0b1q553	metabolomics;natural organic matter	soil		555	water_extract_soil	20 g	-70			97531	interstellar overdrive	123	g123	1300	310	0.5	0.5	look here	plate	B3	10 mM Tris-HCl	no	cows	the moon	blender	Martha	George	2468																																																		experimental_garden	fresh																												
soilscan:010	fire pit 4	woodland biome [ENVO:01000175]	plateau [ENVO:00000182]	alpine soil [ENVO:00005741]	Environmental	Terrestrial	Soil	Bulk soil	Forest soil							2022-01-17	US: California, snow mountain	45 -111	100 m	-70 C	7-17																																																																																nmdc:submission_3e919e97-0437-4ca7-a758-ac36c45b908d	nmdc:fk0cza681	metabolomics;natural organic matter	soil		555	soil	20 g	-85			97531	interstellar overdrive	555	m555	880	808	0.5	0.5	look5678901234567890	tube	F9	DNAStable	yes	flamingos	the moon	glass beads	Martha	Martha	2468																																																		experimental_garden	fresh																												
soilscan:011	latrine 1	__temperate woodland biome [ENVO:01000221]	plateau [ENVO:00000182]	__volcanic soil [ENVO:01001841]	Environmental	Terrestrial	Soil	Bulk soil	Agricultural soil							2022-01	US: California, sunny beach	-89 123	100 m	-80 C	5																																																																																nmdc:submission_3e919e97-0437-4ca7-a758-ac36c45b908d	nmdc:fk03nmg31	metabolomics	soil		555	water_extract_soil	20 g	-70			97531	interstellar overdrive	123	g123	1300	310	0.5	0.5	look here	plate	B3	10 mM Tris-HCl	no	cows	the moon	blender	Martha	George	2468																																																		experimental_garden	fresh																												
soilscan:012	latrine 2	__temperate woodland biome [ENVO:01000221]	plateau [ENVO:00000182]	alpine soil [ENVO:00005741]	Environmental	Terrestrial	Soil	Bulk soil	Forest soil							2022-01-17	US: California, snow mountain	45 -111	100 m	-70 C	7-17																																																																																nmdc:submission_3e919e97-0437-4ca7-a758-ac36c45b908d	nmdc:fk0ern188	metabolomics	soil		555	soil	20 g	-85			97531	interstellar overdrive	555	m555	880	808	0.5	0.5	look5678901234567890	tube	F9	DNAStable	yes	flamingos	the moon	glass beads	Martha	Martha	2468																																																		experimental_garden	fresh																												
soilscan:013	latrine 3	__temperate woodland biome [ENVO:01000221]	plateau [ENVO:00000182]	__volcanic soil [ENVO:01001841]	Environmental	Terrestrial	Soil	Bulk soil	Agricultural soil							2022-01	US: California, sunny beach	-89 123	100 m	-80 C	5																																																																																nmdc:submission_3e919e97-0437-4ca7-a758-ac36c45b908d	nmdc:fk0k7c681	metabolomics;metatranscriptomics	soil		555	water_extract_soil	20 g	-70			97531	interstellar overdrive	123	g123	1300	310	0.5	0.5	look here	plate	B3	10 mM Tris-HCl	no	cows	the moon	blender	Martha	George	2468																																																		experimental_garden	fresh																												
soilscan:014	latrine 4	__temperate woodland biome [ENVO:01000221]	plateau [ENVO:00000182]	alpine soil [ENVO:00005741]	Environmental	Terrestrial	Soil	Bulk soil	Forest soil							2022-01-17	US: California, snow mountain	45 -111	100 m	-70 C	7-17																																																																																nmdc:submission_3e919e97-0437-4ca7-a758-ac36c45b908d	nmdc:fk0gpfm69	metabolomics;metatranscriptomics	soil		555	soil	20 g	-85			97531	interstellar overdrive	555	m555	880	808	0.5	0.5	look5678901234567890	tube	F9	DNAStable	yes	flamingos	the moon	glass beads	Martha	Martha	2468																																																		experimental_garden	fresh																												
soilscan:015	tree line 1	shrubland biome [ENVO:01000176]	hill [ENVO:00000083]	__volcanic soil [ENVO:01001841]	Environmental	Terrestrial	Soil	Bulk soil	Agricultural soil							2022-01	US: California, sunny beach	-89 123	100 m	-80 C	5																																																																																nmdc:submission_3e919e97-0437-4ca7-a758-ac36c45b908d	nmdc:fk0dx8863	metabolomics;metagenomics	soil		555	water_extract_soil	20 g	-70			97531	interstellar overdrive	123	g123	1300	310	0.5	0.5	look here	plate	B3	10 mM Tris-HCl	no	cows	the moon	blender	Martha	George	2468																																																		experimental_garden	fresh																												
soilscan:016	tree line 2	shrubland biome [ENVO:01000176]	hill [ENVO:00000083]	alpine soil [ENVO:00005741]	Environmental	Terrestrial	Soil	Bulk soil	Forest soil							2022-01-17	US: California, snow mountain	45 -111	100 m	-70 C	7-17																																																																																nmdc:submission_3e919e97-0437-4ca7-a758-ac36c45b908d	nmdc:fk0ex0y43	metabolomics;metagenomics	soil		555	soil	20 g	-85			97531	interstellar overdrive	555	m555	880	808	0.5	0.5	look5678901234567890	tube	F9	DNAStable	yes	flamingos	the moon	glass beads	Martha	Martha	2468																																																		experimental_garden	fresh																												
soilscan:017	tree line 3	shrubland biome [ENVO:01000176]	hill [ENVO:00000083]	__volcanic soil [ENVO:01001841]	Environmental	Terrestrial	Soil	Bulk soil	Agricultural soil							2022-01	US: California, sunny beach	-89 123	100 m	-80 C	5																																																																																nmdc:submission_3e919e97-0437-4ca7-a758-ac36c45b908d	nmdc:fk0v6w806	metaproteomics;metatranscriptomics	soil		555	water_extract_soil	20 g	-70			97531	interstellar overdrive	123	g123	1300	310	0.5	0.5	look here	plate	B3	10 mM Tris-HCl	no	cows	the moon	blender	Martha	George	2468																																																		experimental_garden	fresh																												
soilscan:018	tree line 4	shrubland biome [ENVO:01000176]	hill [ENVO:00000083]	alpine soil [ENVO:00005741]	Environmental	Terrestrial	Soil	Bulk soil	Forest soil							2022-01-17	US: California, snow mountain	45 -111	100 m	-70 C	7-17																																																																																nmdc:submission_3e919e97-0437-4ca7-a758-ac36c45b908d	nmdc:fk0gte644	metaproteomics;metatranscriptomics	soil		555	soil	20 g	-85			97531	interstellar overdrive	555	m555	880	808	0.5	0.5	look5678901234567890	tube	F9	DNAStable	yes	flamingos	the moon	glass beads	Martha	Martha	2468																																																		experimental_garden	fresh																												
soilscan:019	west exposure 1	__montane shrubland biome [ENVO:01000216]	mountain [ENVO:00000081]	__volcanic soil [ENVO:01001841]	Environmental	Terrestrial	Soil	Bulk soil	Agricultural soil							2022-01	US: California, sunny beach	-89 123	100 m	-80 C	5																																																																																nmdc:submission_3e919e97-0437-4ca7-a758-ac36c45b908d	nmdc:fk0h5j321	metabolomics;metagenomics	soil		555	water_extract_soil	20 g	-70			97531	interstellar overdrive	123	g123	1300	310	0.5	0.5	look here	plate	B3	10 mM Tris-HCl	no	cows	the moon	blender	Martha	George	2468																																																		experimental_garden	fresh																												
soilscan:020	west exposure 2	__montane shrubland biome [ENVO:01000216]	mountain [ENVO:00000081]	alpine soil [ENVO:00005741]	Environmental	Terrestrial	Soil	Bulk soil	Forest soil							2022-01-17	US: California, snow mountain	45 -111	100 m	-70 C	7-17																																																																																nmdc:submission_3e919e97-0437-4ca7-a758-ac36c45b908d	nmdc:fk0brqa95	metabolomics;metagenomics	soil		555	soil	20 g	-85			97531	interstellar overdrive	555	m555	880	808	0.5	0.5	look5678901234567890	tube	F9	DNAStable	yes	flamingos	the moon	glass beads	Martha	Martha	2468																																																		experimental_garden	fresh																												
soilscan:021	west exposure 3	__montane shrubland biome [ENVO:01000216]	mountain [ENVO:00000081]	__volcanic soil [ENVO:01001841]	Environmental	Terrestrial	Soil	Bulk soil	Agricultural soil							2022-01	US: California, sunny beach	-89 123	100 m	-80 C	5																																																																																nmdc:submission_3e919e97-0437-4ca7-a758-ac36c45b908d	nmdc:fk0jjs410	metagenomics;metatranscriptomics	soil		555	water_extract_soil	20 g	-70			97531	interstellar overdrive	123	g123	1300	310	0.5	0.5	look here	plate	B3	10 mM Tris-HCl	no	cows	the moon	blender	Martha	George	2468																																																		experimental_garden	fresh																												
soilscan:022	west exposure 4	__montane shrubland biome [ENVO:01000216]	mountain [ENVO:00000081]	alpine soil [ENVO:00005741]	Environmental	Terrestrial	Soil	Bulk soil	Forest soil							2022-01-17	US: California, snow mountain	45 -111	100 m	-70 C	7-17																																																																																nmdc:submission_3e919e97-0437-4ca7-a758-ac36c45b908d	nmdc:fk07crw24	metagenomics;metatranscriptomics	soil		555	soil	20 g	-85			97531	interstellar overdrive	555	m555	880	808	0.5	0.5	look5678901234567890	tube	F9	DNAStable	yes	flamingos	the moon	glass beads	Martha	Martha	2468																																																		experimental_garden	fresh																												
soilscan:023	west exposure 1	__montane shrubland biome [ENVO:01000216]	mountain [ENVO:00000081]	__volcanic soil [ENVO:01001841]	Environmental	Terrestrial	Soil	Bulk soil	Agricultural soil							2022-01	US: California, sunny beach	-89 123	100 m	-80 C	5																																																																																nmdc:submission_3e919e97-0437-4ca7-a758-ac36c45b908d	nmdc:fk0r3ha22	metagenomics;metatranscriptomics	soil		555	water_extract_soil	20 g	-70			97531	interstellar overdrive	123	g123	1300	310	0.5	0.5	look here	plate	B3	10 mM Tris-HCl	no	cows	the moon	blender	Martha	George	2468																																																		experimental_garden	fresh																												
soilscan:024	west exposure 2	__montane shrubland biome [ENVO:01000216]	mountain [ENVO:00000081]	alpine soil [ENVO:00005741]	Environmental	Terrestrial	Soil	Bulk soil	Forest soil							2022-01-17	US: California, snow mountain	45 -111	100 m	-70 C	7-17																																																																																nmdc:submission_3e919e97-0437-4ca7-a758-ac36c45b908d	nmdc:fk0wra836	metagenomics;metatranscriptomics	soil		555	soil	20 g	-85			97531	interstellar overdrive	555	m555	880	808	0.5	0.5	look5678901234567890	tube	F9	DNAStable	yes	flamingos	the moon	glass beads	Martha	Martha	2468																																																		experimental_garden	fresh																												
NMDC:SAMEA7723901	qiita_sid_13114:13114.king.27.s002	bread	volcano [ENVO:00000247]	__volcanic soil [ENVO:01001841]	Environmental	bread	bread	Biocrust	Unclassified	bread						2014-04-24	USA: State of Hawaii, Kilauea Volcano	19.388694 -155.249333	1500 m	-80 C	0.02																																																																																nmdc:submission_845c313d-3959-47c5-8722-866de1e59cbb	nmdc:fk0f6nn88		bread	bread																																																																											other	bread																											bread	
NMDC:SAMEA7723901	qiita_sid_13114:13114.king.27.s005	woodland biome [ENVO:01000175]	volcano [ENVO:00000247]	__volcanic soil [ENVO:01001841]	Environmental	Terrestrial	Soil	Biocrust	Unclassified							2014-04-24	USA: State of Hawaii, Kilauea Volcano	19.388694 -155.249333	1500 m	bread	0.02																																																																																nmdc:submission_845c313d-3959-47c5-8722-866de1e59cbb	nmdc:fk0zxkt22	metagenomics;metaproteomics	soil																																																																												other	frozen																												
NMDC:SAMEA7723903	qiita_sid_13114:13114.king.27.s010	woodland biome [ENVO:01000175]	volcano [ENVO:00000247]	__volcanic soil [ENVO:01001841]	Environmental	Terrestrial	Soil	Biocrust	Unclassified							2014-04-24	USA: State of Hawaii, Kilauea Volcano	19.389305 -155.2485	1500 m	-80 C	bread						bread	bread																																																																									nmdc:submission_845c313d-3959-47c5-8722-866de1e59cbb	nmdc:fk0jsny55	metagenomics;metaproteomics	soil																																																																												other	frozen																												
NMDC:SAMEA7723904	qiita_sid_13114:13114.king.27.s011	woodland biome [ENVO:01000175]	volcano [ENVO:00000247]	__volcanic soil [ENVO:01001841]	Environmental	Terrestrial	Soil	Biocrust	Unclassified							2014-04-24	USA: State of Hawaii, Kilauea Volcano	19.389305 -155.2485	1500 m	-80 C	0.02																																																																																nmdc:submission_845c313d-3959-47c5-8722-866de1e59cbb	nmdc:fk0ecfb56	metagenomics;metaproteomics	soil																																																																												other	frozen																												
NMDC:SAMEA7723905	qiita_sid_13114:13114.king.27.s012	woodland biome [ENVO:01000175]	volcano [ENVO:00000247]	__volcanic soil [ENVO:01001841]	Environmental	Terrestrial	Soil	Biocrust	Unclassified							2014-04-24	USA: State of Hawaii, Kilauea Volcano	19.389305 -155.2485	1500 m	-80 C	0.02																																																																																nmdc:submission_845c313d-3959-47c5-8722-866de1e59cbb	nmdc:fk093j892	metagenomics;metaproteomics	soil																																																																												other	frozen																												
NMDC:SAMEA7723906	qiita_sid_13114:13114.king.27.s016	woodland biome [ENVO:01000175]	volcano [ENVO:00000247]	__volcanic soil [ENVO:01001841]	Environmental	Terrestrial	Soil	Biocrust	Unclassified							2014-04-24	USA: State of Hawaii, Kilauea Volcano	19.389389 -155.25	1500 m	-80 C	0.02																																																																																nmdc:submission_845c313d-3959-47c5-8722-866de1e59cbb	nmdc:fk0qktq62	metagenomics;metaproteomics	soil																																																																												other	frozen																												
NMDC:SAMEA7723907	qiita_sid_13114:13114.king.27.s020	woodland biome [ENVO:01000175]	volcano [ENVO:00000247]	__volcanic soil [ENVO:01001841]	Environmental	Terrestrial	Soil	Biocrust	Unclassified							2014-04-24	USA: State of Hawaii, Kilauea Volcano	19.389389 -155.25	1500 m	-80 C	0.02																																																																																nmdc:submission_845c313d-3959-47c5-8722-866de1e59cbb	nmdc:fk00npc77	metagenomics;metaproteomics	soil																																																																												other	frozen																												
NMDC:SAMEA7723924	qiita_sid_13114:13114.metcalf.40.s003	__temperate savanna biome [ENVO:01000189]	__dry valley [ENVO:00000128]	bare soil [ENVO:01001616]	Environmental	Terrestrial	Soil	Biocrust	Unclassified							2012-06-12	USA: State of Colorado, City of Boulder	40.015 -105.27	1624.1 m	-80 C	0.02																																																																																nmdc:submission_845c313d-3959-47c5-8722-866de1e59cbb	nmdc:fk0azt589	metagenomics;metaproteomics	soil																																																																												other	frozen																												
NMDC:SAMEA7723925	qiita_sid_13114:13114.metcalf.40.s004	__temperate savanna biome [ENVO:01000189]	__dry valley [ENVO:00000128]	bare soil [ENVO:01001616]	Environmental	Terrestrial	Soil	Sand	Desert							2012-06-27	USA: State of Colorado, City of Boulder	40.015 -105.27	1624.1 m	-80 C	0.02																																																																																nmdc:submission_845c313d-3959-47c5-8722-866de1e59cbb	nmdc:fk0wctc44	metagenomics;metaproteomics	soil																																																																												other	frozen																												
NMDC:SAMEA7723926	qiita_sid_13114:13114.metcalf.40.s012	__temperate savanna biome [ENVO:01000189]	plain [ENVO:00000086]	bare soil [ENVO:01001616]	Environmental	Terrestrial	Soil	Sand	Desert							2012-06-27	USA: State of Colorado, City of Boulder	40.015 -105.27	1624.1 m	-80 C	0.02																																																																																nmdc:submission_845c313d-3959-47c5-8722-866de1e59cbb	nmdc:fk0k4vf70	metagenomics;metaproteomics	soil																																																																												other	frozen																												
NMDC:SAMEA7723927	qiita_sid_13114:13114.metcalf.40.s014	__temperate woodland biome [ENVO:01000221]	plain [ENVO:00000086]	bare soil [ENVO:01001616]	Environmental	Terrestrial	Soil	Organic layer	Grasslands							2013-04-25	USA: State of Texas, City of Huntsville	30.71308 -95.55	113.1 m	-80 C	0.02																																																																																nmdc:submission_845c313d-3959-47c5-8722-866de1e59cbb	nmdc:fk0sgy050	metagenomics;metaproteomics	soil																																																																												other	frozen																												
NMDC:SAMEA7723944	qiita_sid_13114:13114.rohwer.84.s001	tundra biome [ENVO:01000180]	__glacial valley [ENVO:00000248]	bare soil [ENVO:01001616]	Environmental	Terrestrial	Soil	Soil crust	Forest soil							2013-08-02	Arctic Ocean: Franz Josef Land, Hook Island	80.33333333 52.78333333	0 m	-80 C	0.02																																																																																nmdc:submission_845c313d-3959-47c5-8722-866de1e59cbb	nmdc:fk07xx269	metagenomics;metaproteomics	soil																																																																												other	frozen																												
NMDC:SAMEA7723945	qiita_sid_13114:13114.rohwer.84.s002	tundra biome [ENVO:01000180]	__glacial valley [ENVO:00000248]	bare soil [ENVO:01001616]	Environmental	Terrestrial	Soil	Soil crust	Permafrost							2013-08-02	Arctic Ocean: Franz Josef Land, Hook Island	80.33333333 52.78333333	0 m	-80 C	0.02																																																																																nmdc:submission_845c313d-3959-47c5-8722-866de1e59cbb	nmdc:fk09m5065	metagenomics;metaproteomics	soil																																																																												other	frozen																												
NMDC:SAMEA7723946	qiita_sid_13114:13114.rohwer.84.s003	tundra biome [ENVO:01000180]	__glacial valley [ENVO:00000248]	bare soil [ENVO:01001616]	Environmental	Terrestrial	Soil	Soil crust	Permafrost							2013-08-02	Arctic Ocean: Franz Josef Land, Hook Island	80.33333333 52.78333333	0 m	-80 C	0.02																																																																																nmdc:submission_845c313d-3959-47c5-8722-866de1e59cbb	nmdc:fk00gpm87	metagenomics;metaproteomics	soil																																																																												other	frozen																												
NMDC:SAMEA7723947	qiita_sid_13114:13114.rohwer.84.s004	tundra biome [ENVO:01000180]	__glacial valley [ENVO:00000248]	bare soil [ENVO:01001616]	Environmental	Terrestrial	Soil	Soil crust	Permafrost							2013-08-02	Arctic Ocean: Franz Josef Land, Hook Island	80.33333333 52.78333333	0 m	-80 C	0.02																																																																																nmdc:submission_845c313d-3959-47c5-8722-866de1e59cbb	nmdc:fk0pejm43	metagenomics;metaproteomics	soil																																																																												other	frozen																												
NMDC:SAMEA7723948	qiita_sid_13114:13114.rohwer.84.s005	tundra biome [ENVO:01000180]	__glacial valley [ENVO:00000248]	bare soil [ENVO:01001616]	Environmental	Terrestrial	Soil	Soil crust	Permafrost							2013-08-06	Arctic Ocean: Franz Josef Land, Luigi island	80.76666667 54.65	0 m	-80 C	0.02																																																																																nmdc:submission_845c313d-3959-47c5-8722-866de1e59cbb	nmdc:fk0d92896	metagenomics;metaproteomics	soil																																																																												other	frozen																												
NMDC:SAMEA7723949	qiita_sid_13114:13114.rohwer.84.s006	tundra biome [ENVO:01000180]	__glacial valley [ENVO:00000248]	bare soil [ENVO:01001616]	Environmental	Terrestrial	Soil	Soil crust	Permafrost							2013-08-06	Arctic Ocean: Franz Josef Land, Luigi island	80.76666667 54.65	0 m	-80 C	0.02																																																																																nmdc:submission_845c313d-3959-47c5-8722-866de1e59cbb	nmdc:fk0nw1b59	metagenomics;metaproteomics	soil																																																																												other	frozen																												
a:1	fred	____mediterranean shrubland biome [ENVO:01000217]	cave [ENVO:00000067]	__volcanic soil [ENVO:01001841]	Environmental	Terrestrial	Soil	Bulk soil	Agricultural soil							2022-01	US: California, sunny beach	-89 123	100 m	-80 C	5																																																																																nmdc:submission_6b1e4498-529d-4813-bf8b-b69572183330	nmdc:fk0jcyh75	metabolomics	soil		555	water_extract_soil	20 g	-70			97531	interstellar overdrive	123	g123	1300	310	0.5	0.5	look here	plate	B3	10 mM Tris-HCl	no	cows	the moon	blender	Martha	George	2468																																																		experimental_garden	fresh																												
b:2	fred	______mediterranean savanna biome [ENVO:01000229]	hill [ENVO:00000083]	alpine soil [ENVO:00005741]	Environmental	Terrestrial	Soil	Bulk soil	Forest soil							2022-01-17	US: California, snow mountain	45 -111	100 m	-70 C	7-17																																																																																nmdc:submission_6b1e4498-529d-4813-bf8b-b69572183330	nmdc:fk0erxh48	metabolomics	soil		555	soil	20 g	-85			97531	interstellar overdrive	555	m555	880	808	0.5	0.5	look5678901234567890	tube	F9	DNAStable	yes	flamingos	the moon	glass beads	Martha	Martha	2468																																																		experimental_garden	fresh																												
z:8675309	fred	____mediterranean shrubland biome [ENVO:01000217]	cave [ENVO:00000067]	__volcanic soil [ENVO:01001841]	Environmental	Terrestrial	Soil	Bulk soil	Agricultural soil							2022-01	US: California, sunny beach	-89 123	100 m	-80 C	5																																																																																nmdc:submission_6b1e4498-529d-4813-bf8b-b69572183330	nmdc:fk017ac59	metabolomics	soil		555	water_extract_soil	20 g	-70			97531	interstellar overdrive	123	g123	1300	310	0.5	0.5	look here	plate	B3	10 mM Tris-HCl	no	cows	the moon	blender	Martha	George	2468																																																		experimental_garden	fresh																												
z:8675310	fred	______mediterranean savanna biome [ENVO:01000229]	hill [ENVO:00000083]	alpine soil [ENVO:00005741]	Environmental	Terrestrial	Soil	Bulk soil	Forest soil							2022-01-17	US: California, snow mountain	45 -111	100 m	-70 C	7-17																																																																																nmdc:submission_6b1e4498-529d-4813-bf8b-b69572183330	nmdc:fk03nz381	metabolomics	soil		555	soil	20 g	-85			97531	interstellar overdrive	555	m555	880	808	0.5	0.5	look5678901234567890	tube	F9	DNAStable	yes	flamingos	the moon	glass beads	Martha	Martha	2468																																																		experimental_garden	fresh																												
	fred	ocean [ENVO:999]	ocean [ENVO:999]	ocean [ENVO:999]															100 m																																																																																		nmdc:submission_456a82a2-8832-4669-b1a1-7b8fd4a11962	nmdc:fk058c442		soil																																																																												experimental_garden	fresh																												
	fred	ocean [ENVO:999]	ocean [ENVO:999]	ocean [ENVO:999]															100 m																																																																																		nmdc:submission_456a82a2-8832-4669-b1a1-7b8fd4a11962	nmdc:fk0q5j451		soil																																																																												experimental_garden	fresh																												
		tes																																																																																																			nmdc:submission_456a82a2-8832-4669-b1a1-7b8fd4a11962	nmdc:fk07q1z53																																																																																																											
a:1	fred	____mediterranean shrubland biome [ENVO:01000217]	cave [ENVO:00000067]	__volcanic soil [ENVO:01001841]	Environmental	Terrestrial	Soil	Bulk soil	Agricultural soil							2022-01	US: California, sunny beach	-89 123	100 m	-80 C	5							1																																																																									nmdc:submission_962efbd1-5269-47cf-bd65-7bdf213d38ec	nmdc:fk09aa623	metabolomics	soil		555	water_extract_soil	20 g	-70			97531	interstellar overdrive	123	g123	1300	310	0.5	0.5	look here	plate	B3	10 mM Tris-HCl	no	cows	the moon	blender	Martha	George	2468																																																		experimental_garden	fresh																												
z:9	fred	______mediterranean savanna biome [ENVO:01000229]	hill [ENVO:00000083]	alpine soil [ENVO:00005741]	Environmental	Terrestrial	Soil	Bulk soil	Forest soil							2022-01-17	US: California, snow mountain	45 -111	100 m	-70 C	500-50																																																																																nmdc:submission_962efbd1-5269-47cf-bd65-7bdf213d38ec	nmdc:fk02ntc92	metabolomics;metaproteomics	soil		555	soil	lots	cold			97531	interstellar overdrive	555	m555	880	808	0.5	0.5	look5678901234567890	tube	F9	DNAStable	yes	flamingos	the moon	glass beads	Martha	Martha	2468																																																		experimental_garden	fresh																												
a:1	fred	____mediterranean shrubland biome [ENVO:01000217]	cave [ENVO:00000067]	__volcanic soil [ENVO:01001841]	Environmental	Terrestrial	Soil	Bulk soil	Agricultural soil							2022-01	US: California, sunny beach	-89 123	100 m	-80 C	5																																																																																nmdc:submission_0504deaa-4d68-450e-9fec-a73f402104e3	nmdc:fk0byah59	metabolomics	soil		555	water_extract_soil	20 g	-70			97531	interstellar overdrive	123	g123	1300	310	0.5	0.5	look here	plate	B3	10 mM Tris-HCl	no	cows	the moon	blender	Martha	George	2468																																																		experimental_garden	fresh																												
b:2	fred	______mediterranean savanna biome [ENVO:01000229]	hill [ENVO:00000083]	alpine soil [ENVO:00005741]	Environmental	Terrestrial	Soil	Bulk soil	Forest soil							2022-01-17	US: California, snow mountain	45 -111	100 m	-70 C	7-17																																																																																nmdc:submission_0504deaa-4d68-450e-9fec-a73f402104e3	nmdc:fk0h99h98	metabolomics	soil		555	soil	20 g	-85			97531	interstellar overdrive	555	m555	880	808	0.5	0.5	look5678901234567890	tube	F9	DNAStable	yes	flamingos	the moon	glass beads	Martha	Martha	2468																																																		experimental_garden	fresh																												
